Age,MonthlyIncome,EmploymentStatus,EmploymentDuration,TotalDebt,LoanAmount,LoanDuration,CreditScore,RepaymentHistory,NumLatePayments,NumOpenAccounts,AccountAgeYears,Approval
56,3284,1,13,71888,1000,24,640,8,2,9,23,1
69,5507,0,11,72279,128820,24,649,6,2,6,7,1
46,2627,1,1,2005,149519,60,548,5,8,1,15,0
32,2916,0,4,63328,39102,360,637,4,0,1,3,0
60,5286,0,1,80154,53327,360,662,3,0,1,2,0
25,686,3,0,1134,20815,360,850,1,0,1,16,1
38,2287,0,16,1167,100358,180,735,9,0,1,1,1
56,4392,0,5,34358,88834,240,828,4,0,5,1,1
75,5086,1,6,8283,43181,24,458,5,3,4,2,1
36,1908,2,1,32958,24646,60,578,2,1,6,22,0
40,4102,0,2,17472,71301,120,649,4,14,4,7,1
28,1534,2,2,35941,4771,84,389,10,0,4,5,0
28,1908,2,1,15276,16286,84,761,3,1,10,8,1
41,4551,0,8,8812,116055,120,697,9,12,5,3,1
70,4864,0,2,7020,74483,36,575,5,5,4,9,1
53,4292,1,7,35399,32736,36,597,7,1,2,3,1
57,4569,0,0,62942,71632,360,770,8,2,2,12,1
41,5499,0,1,80293,9962,240,524,6,5,6,2,1
20,1304,1,2,4038,9639,180,775,4,1,6,2,1
39,3381,0,7,7415,76713,60,589,4,0,8,5,1
70,3768,0,9,611,13516,84,710,5,5,6,3,1
19,1990,0,4,21720,5895,360,630,10,2,4,7,1
41,2324,1,4,1777,100806,12,850,1,0,6,3,1
61,4496,0,10,23567,15252,360,513,0,2,4,1,0
47,3368,1,0,29762,14663,12,551,0,1,7,4,0
55,4499,0,3,119479,226350,48,439,2,6,8,5,0
19,1583,1,13,5678,30247,24,488,7,0,4,1,1
38,3255,0,7,8979,56369,120,705,7,6,9,5,1
50,1968,2,3,20059,54321,24,812,3,2,7,2,1
29,3990,0,18,36985,7072,360,719,5,1,5,3,1
75,860,3,0,3332,15158,24,619,2,0,6,2,0
39,2820,1,2,71267,28448,60,512,2,3,5,18,0
61,4826,0,8,86332,122794,48,727,7,7,5,8,1
42,1971,2,7,4798,20139,180,506,8,1,9,2,1
66,5118,0,4,13428,71356,48,458,4,0,6,7,1
44,5084,0,3,35045,47556,84,582,10,2,2,13,1
59,4443,0,3,63353,41611,60,375,8,4,2,3,0
45,4537,0,7,1961,95443,24,454,9,0,2,12,1
33,1606,0,4,18223,22904,180,846,4,2,6,1,1
32,2951,0,14,29598,42626,24,431,9,2,4,12,1
64,2887,2,8,7297,24875,240,477,10,1,5,5,1
68,3723,0,0,40875,40604,240,628,4,1,7,1,1
61,4530,0,8,122482,89322,36,634,5,0,10,3,0
72,5642,0,2,2595,142045,48,591,2,4,4,30,0
69,3065,0,7,11332,52635,180,379,2,3,1,10,0
74,3825,0,9,21171,141995,240,721,2,2,9,5,1
20,2529,1,2,55724,62514,36,566,3,1,1,1,0
54,4490,0,4,141254,53355,60,766,6,1,1,3,1
68,5227,0,1,29464,83769,180,542,3,5,9,2,0
24,3117,0,0,41485,117053,36,737,6,1,7,1,1
38,3915,0,3,28509,54425,120,775,6,2,6,5,1
26,2409,2,3,17847,60424,180,563,4,2,4,15,0
56,3827,0,35,11972,64331,360,725,5,1,4,7,1
35,2423,1,4,5688,28011,36,460,4,0,3,2,0
21,600,3,0,1956,2392,24,651,4,0,4,5,1
42,3839,0,6,29950,30688,360,766,3,0,4,20,1
31,600,3,0,170,29669,120,682,5,4,1,8,1
67,4241,0,26,96810,65483,240,850,3,0,2,8,1
75,3246,2,8,5295,38843,12,688,2,0,1,24,1
26,3228,0,11,7703,125616,36,576,7,4,5,11,1
43,2960,1,1,20754,37642,60,850,7,0,5,1,1
70,3217,0,4,38241,34591,36,816,8,2,9,2,1
19,2841,0,4,2744,58266,12,427,2,1,5,23,0
37,2677,0,13,9824,48074,120,525,4,0,3,4,0
45,3838,1,0,127605,11861,120,495,6,1,4,1,0
64,2627,2,2,7673,24110,360,697,4,0,6,4,1
24,1822,1,31,6567,16781,180,688,7,5,5,8,1
61,4304,0,5,74824,29450,60,687,6,2,6,30,1
25,2579,2,3,1275,27049,360,424,6,0,5,2,1
64,4993,0,1,29946,38316,60,543,9,0,4,5,1
52,4216,0,29,19322,13497,60,602,7,1,3,14,1
31,2162,0,0,7900,16551,12,401,5,0,3,3,0
34,3955,1,10,12774,4272,360,515,4,0,2,1,1
53,3545,0,11,3261,43774,60,782,5,2,2,20,1
67,4463,1,2,16198,123507,84,433,2,5,9,4,0
57,2461,2,8,1039,45787,12,794,0,1,5,4,1
21,3619,0,0,52756,23289,120,750,6,3,4,6,1
19,3941,0,2,19214,5169,12,585,8,6,3,1,1
23,3532,0,12,19897,11486,24,542,4,0,6,18,1
71,5350,0,16,115072,60748,24,719,9,4,8,3,1
59,4201,0,7,43277,14034,60,525,5,4,6,3,1
21,2551,0,5,198,28843,360,531,0,1,7,1,0
71,4026,1,1,110838,15272,120,617,8,13,3,3,0
46,3530,0,0,9173,96071,12,364,4,0,4,11,0
35,4577,1,1,5002,33368,360,446,8,0,3,11,1
43,2395,1,2,33604,9717,12,582,1,4,5,19,0
61,4331,1,3,28859,104342,12,677,6,1,8,3,1
51,3692,1,3,20158,22319,84,523,3,1,6,8,0
27,2770,1,3,7632,4715,24,596,6,0,9,4,1
53,5311,0,2,40426,64618,12,426,7,4,4,11,0
31,3526,0,5,10856,44236,84,731,6,4,2,8,1
48,2096,2,13,46652,37854,24,646,5,2,6,3,0
65,3954,1,2,9198,15642,84,657,1,9,5,2,1
32,3158,0,22,65400,26674,360,678,7,1,5,2,1
25,3482,0,16,27397,16636,180,629,8,0,5,6,1
31,3958,0,1,66992,4811,24,561,2,3,3,23,0
40,600,3,0,7186,18078,240,755,2,4,5,1,0
74,5828,0,6,66747,109532,180,638,8,0,7,1,1
57,3997,0,6,15044,20649,360,600,4,0,7,1,1
38,3900,0,3,9975,51370,12,618,3,4,3,10,1
33,3866,0,5,8790,12510,120,616,6,11,5,3,1
62,2937,2,4,54874,93442,360,598,3,3,8,1,0
35,3328,0,6,54861,5849,84,673,5,0,3,3,1
64,2533,2,7,14124,1000,84,507,4,17,3,7,1
70,4454,0,8,6072,44714,84,516,4,6,6,5,0
41,3094,2,6,14306,38983,84,687,8,2,6,9,1
43,2980,0,10,27631,37120,360,602,0,5,2,2,0
42,3067,0,1,17838,2475,120,736,7,5,1,4,1
62,3125,1,1,45449,16962,36,669,8,8,5,1,1
58,908,3,0,52665,9042,84,553,3,5,3,1,0
46,1584,2,3,3225,5567,36,689,8,3,1,4,1
32,1812,1,0,10707,53767,120,763,2,2,3,2,1
62,869,3,0,4703,1140,120,673,3,1,6,6,1
18,1726,0,2,6016,16608,180,699,3,2,4,1,1
42,600,3,0,1271,10158,24,599,8,4,8,1,1
24,1948,0,6,1270,8512,240,739,0,10,1,14,1
26,1987,1,21,41611,28006,60,550,10,1,8,5,1
41,2656,2,6,13882,67632,240,660,4,2,4,8,1
18,3008,1,5,19837,9145,360,850,7,1,3,12,1
61,5967,0,3,142533,214088,60,684,6,3,1,4,1
25,4641,0,7,66714,53895,120,569,5,2,6,10,0
41,2685,2,1,3604,13748,240,569,3,0,1,5,1
28,4031,0,18,32249,32716,48,611,8,2,7,1,1
68,982,3,0,5504,5292,24,722,4,0,1,2,1
34,3183,1,3,48756,59191,240,637,3,0,1,4,0
25,4692,0,24,58024,107503,24,542,7,4,2,2,1
52,3619,1,13,40735,93251,36,541,5,0,3,2,0
52,5000,0,8,19984,306164,360,638,9,1,7,2,1
50,2645,1,1,41504,59675,24,625,5,0,8,1,1
22,1495,2,5,772,19800,36,674,3,0,3,1,1
59,4546,0,5,7589,27123,84,730,6,4,4,1,1
56,4301,0,2,16883,48715,36,850,4,2,6,1,1
75,904,3,0,693,1000,360,444,3,6,4,2,0
58,6270,0,11,16123,123315,180,702,7,1,6,6,1
45,3270,1,1,55653,27805,84,631,10,0,4,1,1
24,2652,0,7,75393,1000,120,398,4,1,4,15,0
26,3223,0,22,11239,2995,12,769,2,3,1,11,1
25,3081,0,16,9087,21746,36,670,5,2,5,5,1
29,3361,0,2,10594,42381,36,715,6,7,7,9,1
51,2657,0,15,8298,23874,24,416,6,2,3,3,1
50,4204,1,0,1476,58448,120,593,8,2,1,1,1
65,5633,0,0,141473,53089,240,490,7,4,4,16,0
72,5987,0,7,13817,93440,48,850,2,8,8,1,1
40,3873,0,3,20253,13794,60,757,4,1,8,20,1
41,4192,0,3,391,7227,36,538,1,0,3,5,0
54,3376,0,6,63250,44113,240,435,8,2,6,2,1
52,3943,1,1,49724,37643,48,643,0,2,6,4,0
61,2854,2,1,80355,1119,60,751,1,13,8,4,0
57,3825,0,5,55869,26373,12,411,4,1,1,1,0
39,2681,2,11,9688,4331,24,508,7,0,2,3,1
44,3752,1,7,10260,40949,240,487,4,11,1,9,1
52,4082,0,2,46883,29614,24,724,4,5,3,4,1
18,661,3,0,2872,9039,60,575,4,0,7,1,0
52,659,3,0,5283,15542,180,580,5,7,3,2,0
54,5148,0,0,310,26405,36,640,2,1,1,13,1
64,3708,0,12,2274,174754,84,514,2,1,5,5,0
31,600,3,0,4415,6627,48,446,10,7,5,5,1
20,2443,1,1,19580,33880,120,784,6,2,2,22,1
18,3744,0,9,50036,61544,360,795,7,0,3,2,1
22,2429,2,7,3300,38433,36,641,5,1,5,4,1
43,2314,2,8,15991,23836,84,650,5,3,6,11,1
72,3375,2,2,7005,27213,360,771,6,0,3,9,1
31,1160,2,2,1089,1000,240,638,7,2,3,2,1
56,2232,2,1,11323,1000,360,569,7,3,9,1,1
44,3156,0,1,5403,20137,12,624,5,1,4,8,1
26,4147,0,8,9982,24242,36,787,8,3,5,2,1
32,3218,1,15,11803,22730,24,626,0,6,6,17,0
32,722,3,0,2081,1548,180,539,7,1,1,1,1
43,3944,0,12,3470,76106,120,637,4,1,4,2,1
59,4667,1,4,4221,130690,24,698,7,0,1,1,1
30,2580,1,8,5318,103736,84,684,3,2,4,8,0
68,3504,0,3,1745,34209,36,686,1,6,8,15,1
49,4031,1,5,38106,70054,180,520,6,1,2,7,0
56,2705,2,5,8796,75365,360,712,1,1,1,19,1
66,4447,1,1,14009,34694,36,623,4,1,9,1,1
69,4606,0,3,17840,24554,360,534,3,2,2,1,0
49,3219,0,26,33593,127947,240,711,5,0,1,12,1
21,2711,1,2,53225,28302,12,565,7,5,9,13,0
47,3860,0,1,52742,38223,60,431,4,1,2,12,0
54,4259,0,4,53161,12052,36,499,6,3,9,11,1
40,4957,0,12,31522,8170,84,598,7,2,5,3,1
56,3253,0,6,36960,86464,360,689,3,2,8,1,0
62,4632,0,9,35781,63516,24,516,3,0,5,18,0
32,2624,0,1,6138,14897,240,591,9,3,7,2,1
60,2143,0,7,4812,6568,84,474,5,0,2,3,1
46,3774,0,3,12736,44063,120,737,6,0,3,8,1
53,3411,1,14,79142,43070,60,826,6,2,1,2,1
30,3136,1,7,23867,10473,240,813,2,3,7,11,1
49,3741,0,1,47546,102705,12,735,3,0,6,1,0
24,1108,2,0,4525,1404,60,723,6,0,2,10,1
68,3917,0,0,19695,24829,360,371,0,4,1,6,0
39,3891,1,3,5012,63910,84,641,4,4,5,5,1
45,2564,1,2,4624,11828,120,560,3,0,9,4,1
19,869,3,0,14653,22003,48,725,8,2,4,2,1
59,3228,2,5,27241,62592,12,315,6,1,3,4,0
62,3437,1,2,13586,77011,180,643,8,3,2,4,1
74,2632,2,1,41028,4806,360,594,5,5,8,6,0
70,5560,0,1,15108,12126,48,754,5,0,3,2,1
23,2785,0,15,99753,13536,36,805,4,4,4,1,1
45,2068,1,2,8394,21737,120,508,4,2,7,1,0
45,4252,0,8,16795,84397,24,513,10,2,6,8,1
61,2941,2,13,10554,76702,180,647,7,3,4,1,1
61,5311,0,7,6640,93191,84,828,2,7,3,13,1
37,3785,0,15,4280,143858,120,627,10,0,8,8,1
47,3390,0,3,33989,65523,60,466,4,0,2,10,0
28,4234,0,25,84560,22294,240,547,6,0,4,12,1
75,5006,1,1,75120,22202,60,644,8,12,1,1,1
72,4947,0,0,7223,84868,60,648,1,3,7,12,0
45,3830,0,8,29000,11817,36,535,3,2,3,4,1
42,2560,0,22,2742,3586,12,544,10,0,3,15,1
56,3665,0,13,1630,40097,24,502,4,6,6,15,1
50,2874,2,0,29473,71347,180,756,8,5,1,1,1
18,2339,0,2,17201,3600,12,519,4,3,6,3,1
74,3000,1,21,2464,67810,120,564,5,1,4,5,1
44,5567,1,2,1900,133798,60,560,10,0,1,7,1
74,2995,1,12,131715,28391,36,427,6,2,2,2,0
69,5449,1,13,1594,4630,120,516,4,3,3,2,1
30,1863,2,5,10515,5147,240,767,3,0,3,3,1
58,870,3,0,5866,15397,24,474,3,3,2,4,0
20,2315,0,4,2772,41470,180,504,8,1,5,21,1
56,4833,0,2,8592,159113,240,460,7,4,1,10,0
23,1778,0,17,7400,22375,36,609,2,2,1,3,1
25,1514,0,4,20844,2888,24,846,5,0,9,1,1
44,4247,1,17,28842,7916,120,604,5,2,5,1,1
26,600,3,0,5851,11033,60,628,6,1,10,4,0
54,4730,0,35,191231,13831,60,524,3,0,2,11,0
50,3048,0,4,42751,17471,360,612,8,5,6,3,1
68,5203,0,0,28460,50040,60,767,5,0,7,5,1
59,4748,1,0,26955,1714,48,637,6,1,4,15,1
61,3261,1,10,30189,13435,60,850,3,0,1,17,1
41,2011,0,8,21134,15176,48,771,3,0,4,1,1
32,985,3,0,6567,4652,84,609,10,1,6,1,1
71,3433,2,0,34118,7247,48,607,10,0,6,2,1
49,3526,0,0,806,66108,24,815,5,2,4,8,1
49,3117,1,5,16800,75291,240,636,9,0,7,21,1
41,1689,2,3,5302,7240,24,789,8,3,7,1,1
58,5441,0,4,7224,116669,240,850,3,0,3,1,1
69,4194,0,35,4221,29413,360,595,3,0,1,15,1
66,3344,0,28,29672,34025,84,662,7,1,5,9,1
66,4715,0,22,33563,131579,240,737,6,6,3,30,1
75,2585,2,12,7257,51596,240,712,4,3,5,3,1
69,787,3,0,4810,18533,36,711,7,4,8,3,1
29,2842,0,4,18490,6022,12,459,1,0,6,1,0
56,4248,0,6,8846,4420,12,518,5,5,8,1,1
19,1683,0,14,17058,54255,36,560,2,0,2,6,0
20,4043,0,0,58930,28571,60,765,2,0,7,3,1
66,3190,2,4,48007,15595,36,471,3,2,9,1,0
54,3797,0,0,33625,70526,240,802,6,1,5,15,1
66,3777,0,5,25986,98466,240,713,3,12,10,1,1
73,4713,0,18,2848,134652,36,758,2,0,2,9,1
34,3449,1,12,11239,18862,36,508,6,19,3,2,1
66,5161,0,2,4851,142095,60,628,9,2,6,11,1
19,3110,1,29,99102,1871,24,655,7,2,5,1,1
19,2440,0,8,3399,1789,84,650,10,0,3,9,1
45,826,2,0,1305,11619,120,655,9,0,6,1,1
71,4803,1,2,101597,4508,240,586,4,7,5,4,0
40,3459,0,2,95671,19548,84,636,7,1,3,9,1
54,4663,0,0,64985,75006,36,744,5,3,5,1,1
49,3328,2,25,173,19714,60,480,8,20,6,2,1
50,1251,3,0,16,3566,48,805,5,0,3,14,1
18,2262,0,18,10314,10761,60,737,3,2,6,15,1
36,3568,0,3,5301,31428,180,504,9,3,2,1,1
19,831,3,0,148,7719,180,666,6,0,3,1,1
70,3309,1,5,19814,72801,84,728,3,0,7,1,1
61,3867,0,0,106387,77229,12,471,4,1,6,1,0
43,669,3,0,2513,5879,180,625,3,1,1,24,1
49,3900,0,20,40516,104943,180,610,2,3,4,5,0
23,2335,1,5,23676,4078,24,542,4,0,6,4,1
49,3425,0,7,9506,14541,48,631,6,10,5,29,1
72,3940,0,1,39754,99862,24,547,5,0,6,5,1
21,3598,0,0,8244,24600,48,784,4,2,5,7,1
72,3672,2,0,4586,210075,360,544,9,2,4,2,1
28,4413,0,7,51201,39897,120,715,0,0,4,3,0
73,4383,0,0,5066,99085,240,421,6,0,7,6,0
34,4101,0,3,227529,30394,180,600,5,4,6,1,0
55,4338,0,6,8440,34563,240,621,2,6,6,2,1
41,657,3,0,5687,4566,180,596,6,0,5,1,0
22,3568,0,1,18152,65234,24,572,4,1,3,1,1
69,3438,1,2,4459,39259,120,539,8,1,4,5,1
51,2300,2,21,623,95334,24,710,7,0,7,5,1
23,1831,0,9,17134,7616,24,739,10,3,7,3,1
39,3174,0,5,50087,4844,48,610,4,5,3,2,1
28,3381,0,0,59892,24326,12,488,9,1,5,7,0
65,5817,0,35,36809,80327,60,835,2,13,6,1,1
33,3051,0,8,44011,86631,84,514,5,0,6,5,0
50,3087,0,3,33112,18890,240,444,4,3,6,10,0
26,2721,2,16,33651,41560,360,378,7,1,2,1,0
23,2564,0,2,16699,15916,180,631,7,1,2,9,1
33,1879,0,6,18101,25983,24,593,2,1,7,10,0
46,3273,1,8,51450,101857,12,743,7,0,8,1,1
20,2607,0,1,12696,9878,24,693,4,3,1,1,1
37,3390,2,30,53365,25282,120,654,3,3,4,25,1
53,3722,1,11,32034,268009,48,587,5,0,7,1,0
36,3333,0,6,5804,97391,360,753,1,5,1,12,1
43,2442,1,1,585,29242,60,844,8,1,2,5,1
20,3157,0,0,13656,33048,120,741,5,3,4,2,1
36,4679,0,3,35539,22565,36,564,5,0,3,1,1
37,3753,0,11,65985,39352,360,713,5,0,5,4,1
49,3212,0,2,4205,87189,24,571,10,1,8,3,1
24,2172,2,6,33580,36147,120,487,9,2,2,8,1
69,4603,0,10,87840,22705,60,512,9,3,5,16,1
58,4624,0,0,7250,14980,12,577,5,1,4,11,1
50,3661,0,9,67050,16246,12,632,2,0,5,2,0
57,2433,2,0,111230,6517,240,850,5,1,5,14,0
56,3825,0,26,47651,5537,60,514,6,3,11,12,1
35,2632,2,5,38811,20589,12,778,7,3,8,18,1
57,3902,0,1,194327,6756,120,581,6,0,1,4,0
18,1513,2,3,13509,4109,240,378,2,0,2,10,0
28,600,3,0,2119,6847,12,559,4,4,3,6,0
45,2600,2,11,45358,6733,360,761,3,0,1,2,1
74,3178,2,10,29080,3020,48,661,7,0,1,30,1
42,3295,0,7,27530,18117,36,668,7,0,4,1,1
67,3313,1,0,9304,11872,60,779,7,1,3,1,1
40,5175,0,1,70146,53970,120,495,6,2,2,15,0
48,2308,0,0,1887,3589,180,493,0,3,10,1,0
47,4266,0,6,105693,85597,24,348,0,1,3,15,0
59,4473,1,16,16929,152457,120,725,5,3,3,8,1
52,1187,0,4,1557,23252,12,687,5,0,6,1,1
24,3075,1,1,17241,33699,120,706,9,5,3,3,1
33,1976,2,6,823,56080,180,478,5,2,2,9,0
43,3269,1,13,36215,55884,24,427,2,2,4,6,0
65,3523,1,10,78802,1000,240,461,7,0,10,19,0
74,3579,2,17,62381,25821,12,509,5,0,3,14,0
69,1031,3,0,1348,28259,84,806,4,1,2,2,1
66,3872,1,1,5017,23664,12,740,0,2,6,1,1
19,1305,2,16,21034,1000,36,565,5,0,4,20,0
18,914,3,0,22641,18046,84,655,6,9,11,5,0
65,939,3,0,5565,21900,36,538,2,11,3,1,0
29,5127,0,10,34014,12924,180,663,7,2,9,11,1
22,4571,0,13,16811,50733,60,483,7,8,7,14,1
54,2610,0,7,56296,8010,24,710,5,0,4,7,1
49,3373,0,9,33525,61696,48,518,5,0,4,4,0
72,3234,1,3,10556,14754,240,716,8,0,2,7,1
26,2546,1,6,8675,13935,48,568,6,2,3,8,1
58,2753,2,5,58625,73900,360,525,3,0,4,15,0
52,4225,0,15,556,39356,360,813,4,9,5,21,1
36,2713,2,14,10149,43283,180,641,7,0,1,5,1
65,4795,1,14,37204,35545,60,581,0,1,5,11,0
33,3467,1,0,5339,17664,360,710,2,5,4,23,1
20,600,3,0,556,8485,12,459,7,0,5,1,1
37,2362,1,11,38296,5722,120,752,8,0,6,1,1
41,3638,0,9,78515,24454,36,603,8,3,4,14,1
71,3171,2,11,52817,10708,360,692,8,0,6,1,1
73,4634,0,14,101897,79411,180,434,5,0,4,1,0
50,2829,0,5,21874,117574,36,574,2,0,6,1,0
41,2630,2,5,42232,204740,12,620,4,2,5,3,0
69,4314,0,1,20068,37169,60,743,0,10,5,1,0
28,1758,2,3,18520,7368,24,701,9,5,4,2,1
66,4490,0,8,193753,37816,48,572,3,1,8,25,0
25,1786,2,12,4386,48326,12,658,4,1,6,8,1
53,3760,0,1,17836,12489,240,770,8,1,1,8,1
55,638,3,0,4005,27915,84,596,0,11,3,1,0
57,2573,2,8,3668,15500,180,582,2,0,4,9,1
37,4082,0,0,3311,250098,48,393,6,1,4,9,0
52,3545,1,1,60247,93107,240,586,6,3,5,7,0
65,1103,3,0,39849,26258,24,411,5,9,2,1,0
42,3060,0,1,15238,16858,240,606,5,0,4,3,1
52,2958,0,1,2604,1000,60,738,9,0,4,13,1
42,3465,0,3,2264,24024,84,365,7,0,7,7,1
46,3300,0,4,70308,17072,36,768,6,0,2,9,1
35,2492,1,16,14910,1367,48,580,7,2,4,6,1
63,3838,1,5,14211,38904,84,616,4,3,3,4,1
35,2997,0,10,18619,22264,120,559,10,2,9,9,1
19,1793,0,0,6595,25990,12,414,0,0,8,1,0
71,3538,1,2,22805,49454,120,526,9,0,1,7,1
52,4317,0,9,81350,7999,12,850,8,0,3,30,1
33,3912,0,0,33695,212417,60,488,6,1,7,10,0
58,1000,3,0,11388,2979,84,429,5,4,6,2,0
53,3687,1,7,16055,31286,24,636,5,0,6,2,1
50,3182,1,7,40974,30684,360,609,8,0,5,7,1
21,2035,2,0,21459,49142,240,581,5,1,7,15,0
50,3924,0,3,4796,5905,360,621,3,1,6,6,1
31,2106,2,8,17187,16974,84,697,8,1,4,5,1
38,2738,0,1,7799,39041,120,549,9,5,2,1,1
65,4536,0,9,70984,15824,360,643,0,0,1,8,0
37,3810,0,10,20300,54174,180,742,10,3,4,8,1
73,5074,0,32,255099,187970,360,500,2,1,1,23,0
25,1648,1,1,1535,142357,12,341,2,1,5,2,0
24,3104,0,13,45165,1474,180,700,2,8,4,9,1
20,1667,0,5,17922,6448,48,850,5,0,9,3,1
34,3529,0,3,49423,18879,360,619,1,3,5,5,0
50,3370,0,1,11889,24718,180,644,2,0,4,11,1
65,4943,1,10,32143,19745,84,584,3,2,1,1,1
29,3304,0,2,50499,10824,240,810,5,4,1,2,1
68,4400,1,3,11179,195860,48,610,6,6,6,10,0
39,5337,0,0,13127,192702,24,597,8,5,4,5,1
72,3387,1,12,26039,2347,24,729,8,2,11,1,1
39,2456,2,11,17480,14631,60,561,8,0,4,3,1
63,3431,0,10,10923,25663,360,465,4,3,5,6,0
47,2588,2,2,8793,10179,240,725,0,3,1,16,1
55,5623,0,1,17571,80259,36,549,0,0,7,1,0
55,3612,0,8,51190,53193,180,502,8,1,2,11,1
62,759,3,0,7689,20771,48,850,7,5,6,1,1
68,4531,0,1,77698,88110,84,598,3,2,7,1,0
71,6434,0,9,229028,72464,360,679,1,1,5,1,0
25,2317,2,35,14297,35370,84,623,2,6,9,14,0
44,2983,0,11,1976,13753,36,513,5,0,3,1,1
44,3103,2,10,1468,40173,60,702,5,0,9,10,1
51,2605,0,24,8765,25201,36,657,8,3,1,4,1
38,1108,3,0,28679,2283,12,540,4,1,6,30,0
47,3809,1,6,27084,15236,120,671,4,3,4,12,1
50,4534,1,31,13804,22516,48,558,8,0,3,9,1
45,600,3,0,2934,22300,120,487,0,0,1,14,0
64,4606,0,9,40361,17368,36,475,6,0,4,7,1
50,801,3,0,8137,3938,60,652,4,9,4,12,0
22,2106,0,7,3379,13980,60,574,7,1,5,2,1
65,3411,0,9,123570,53533,24,800,6,1,6,1,1
36,3881,0,21,29320,7032,360,614,3,0,2,6,1
21,3418,0,12,4784,151492,24,525,4,0,9,3,0
52,5123,0,0,110208,148038,48,638,0,1,3,3,0
66,2570,2,15,1913,31859,48,464,7,0,6,5,1
34,2040,2,2,46670,32929,48,609,6,2,5,3,0
61,665,3,0,36222,1000,84,658,9,1,4,6,0
45,5074,0,4,58716,30243,24,643,4,4,5,1,1
47,3258,1,5,46027,74499,84,776,8,3,2,24,1
46,4422,0,4,17466,5135,120,850,2,1,4,18,1
63,5064,0,22,138066,24189,360,700,0,0,1,19,0
70,5905,0,9,42766,74844,36,761,5,3,3,3,1
23,2289,0,7,28967,9765,180,850,3,3,3,5,1
52,3848,1,0,95249,150594,24,499,2,0,7,21,0
58,3522,1,18,124969,7124,180,635,8,7,4,16,1
54,5872,0,19,100960,134994,60,562,8,0,3,10,0
41,2935,0,12,10171,29972,24,721,5,0,5,3,1
46,4799,0,0,156530,95892,120,652,4,0,5,5,0
66,4830,0,0,45866,25880,24,521,5,7,3,11,0
63,974,3,0,24951,10134,84,621,3,2,5,2,0
70,4725,0,1,51135,132253,360,745,7,4,4,6,1
48,5019,0,4,17686,45460,36,463,1,0,3,12,0
52,4253,0,20,18865,27305,240,524,2,2,3,8,0
50,1674,2,5,12849,18518,36,506,3,1,7,4,0
69,1180,3,0,17679,21470,36,659,7,5,3,6,1
38,2749,2,2,10099,23205,60,768,4,0,5,30,1
49,3680,1,0,30624,148105,120,378,9,0,1,6,0
40,2652,0,0,10796,13346,180,631,7,0,7,10,1
50,3142,0,2,51023,29193,120,509,3,5,3,9,0
20,600,3,0,3621,12220,240,740,7,1,6,8,1
35,2379,2,12,1823,40024,60,591,4,1,4,8,1
42,2115,1,29,3686,60682,360,635,6,1,5,4,1
59,1775,2,3,1074,146905,36,619,7,10,6,4,0
48,4132,1,4,27439,33119,84,754,8,5,4,4,1
71,4467,1,14,4821,7579,60,850,6,3,1,1,1
75,954,3,0,1109,1000,48,483,9,1,7,1,1
20,600,3,0,16306,11213,24,505,6,0,4,1,0
57,1824,1,15,36086,54411,120,658,5,7,5,15,1
63,4331,1,0,25014,15552,60,522,4,1,6,2,1
41,3054,0,7,124746,7586,48,732,3,0,3,1,0
67,4041,1,6,7,3737,180,751,6,1,6,1,1
49,1833,0,3,16749,45661,240,554,5,7,3,8,0
64,4404,1,3,40512,23659,240,528,6,1,5,1,1
39,610,3,0,3580,4511,36,587,6,2,5,4,1
40,2036,1,0,9885,20483,36,632,6,4,3,1,1
19,2558,0,2,14922,67377,60,657,10,1,5,13,1
44,3243,0,10,16689,49137,60,349,4,0,2,22,0
59,5186,0,6,65276,71293,360,503,6,15,5,22,0
19,2075,1,1,2897,5772,24,571,4,9,6,4,1
43,4852,0,17,10256,50297,12,524,0,5,5,7,0
34,3661,0,3,6996,66246,180,300,4,3,8,6,0
57,4963,0,14,14505,258827,36,393,2,1,4,3,0
50,2473,2,12,17686,8009,12,463,5,7,4,4,0
26,3470,1,7,3927,1000,12,606,5,0,2,1,1
60,3350,0,5,65163,3776,24,567,6,4,8,11,0
71,4811,0,31,16299,32655,84,544,4,7,1,1,1
65,4166,0,1,7094,103053,84,715,4,2,5,4,1
56,4457,1,10,48171,1000,36,715,7,4,3,4,1
46,4229,1,1,1576,37156,48,637,3,4,5,5,1
59,4284,0,3,39789,24634,24,634,0,0,1,11,0
72,3055,1,2,35134,2371,24,517,5,3,7,8,1
43,4066,0,23,9444,35028,120,531,8,0,2,7,1
52,1646,2,27,677,6969,12,415,7,2,7,5,1
67,5937,0,1,25761,37077,120,589,5,0,2,1,1
42,3274,0,0,3262,57652,12,714,9,1,7,3,1
41,3610,0,10,4291,38322,84,782,8,5,2,22,1
30,2223,1,4,6260,4261,36,590,4,13,3,30,1
75,2564,2,0,8620,120175,180,679,6,1,4,9,1
24,3643,0,9,26403,53002,84,300,6,2,2,1,0
74,3908,1,6,42559,81704,24,568,5,2,2,1,0
53,3419,1,31,29486,4063,180,565,8,9,2,3,1
62,3548,0,2,5469,2462,60,798,5,1,5,13,1
37,4211,0,4,7634,1190,180,667,4,3,4,8,1
18,2257,2,6,45719,6800,180,679,0,7,5,15,0
25,2884,0,12,22626,22223,84,673,3,1,4,6,1
63,5493,0,6,107561,217218,24,625,1,6,6,1,0
33,679,3,0,3027,5971,180,803,5,7,7,1,1
31,3930,0,2,35953,19402,84,343,1,8,6,1,0
29,1840,0,15,13100,21869,84,637,7,0,4,5,1
68,4904,0,4,18095,8383,180,755,8,1,1,1,1
40,702,3,0,4277,9505,12,393,5,6,1,9,0
32,3442,0,8,23068,41650,24,720,2,1,4,8,1
45,3872,0,1,8330,87548,240,528,6,2,1,2,1
51,4101,0,0,14895,255059,180,633,10,0,4,1,1
19,3361,0,15,50572,13979,120,526,9,0,8,1,1
49,3449,0,4,81929,35394,120,735,1,1,2,9,0
40,4078,0,11,17459,140666,60,585,1,2,1,4,0
39,3832,1,2,13489,84868,24,721,0,1,6,2,0
68,3423,0,12,7135,32939,84,672,2,2,1,13,1
42,3016,0,0,32854,126260,360,524,6,2,5,6,0
75,4239,0,3,15880,3597,36,680,3,3,8,5,1
39,2646,0,30,111822,101871,48,540,3,3,2,9,0
75,4461,0,12,16875,3329,360,627,8,1,2,11,1
75,4773,1,5,22960,54471,24,583,6,1,6,8,1
39,4779,0,3,42421,152175,24,727,0,0,2,4,1
66,4625,0,16,71834,20298,180,684,8,2,7,3,1
69,4371,0,6,26602,40228,180,616,6,2,2,10,1
59,3099,2,11,16342,17495,360,537,6,1,9,5,1
23,835,1,11,43565,36547,84,467,3,1,6,8,0
32,2021,1,0,204,50500,60,636,4,3,5,15,1
71,2765,0,1,59841,49150,180,544,0,0,9,17,0
60,713,3,0,1105,9094,48,394,7,7,7,2,0
54,3459,0,1,51185,85577,48,460,2,0,5,1,0
50,5201,0,2,48040,37298,60,815,3,9,1,2,1
25,740,0,23,2971,6323,12,540,3,1,3,9,1
70,4329,0,6,86045,81621,12,749,10,1,7,3,1
61,1015,3,0,126,6471,24,577,3,0,1,1,0
61,2938,2,6,7250,2793,180,768,8,0,3,1,1
22,4179,0,6,33569,4648,120,760,5,0,2,2,1
56,3592,1,0,14936,6340,360,520,3,0,6,1,0
21,672,3,0,6080,19719,240,381,2,3,7,1,0
23,902,2,2,211,8300,60,391,3,1,7,8,0
62,2968,1,3,3527,53332,24,522,5,4,2,1,1
49,600,3,0,782,4312,120,846,7,0,5,1,1
69,1067,3,0,2149,4599,180,570,4,6,2,13,0
47,3454,1,4,20390,21211,120,637,4,2,4,13,1
64,4727,0,4,63296,107600,120,776,3,0,6,2,1
52,3291,0,0,74547,46509,60,633,2,1,7,1,0
72,2459,2,4,42587,98255,24,629,1,0,1,8,0
57,4387,0,1,9234,71922,84,694,8,0,5,3,1
69,2551,2,1,14249,31018,48,654,4,2,8,1,1
33,2490,0,0,5316,33780,360,608,4,3,5,1,1
30,2812,0,3,8292,115555,24,533,3,7,5,1,0
67,4016,0,11,26997,89759,240,629,4,2,3,6,1
59,3555,0,2,2407,1245,120,751,6,10,8,15,1
47,600,3,0,1417,6599,84,833,4,8,3,11,1
36,2395,2,8,62979,40207,60,655,6,6,4,5,0
34,2931,2,1,17658,58291,36,710,9,2,3,3,1
73,3962,1,18,22421,13675,360,652,3,0,5,6,1
36,3642,0,5,513,105872,360,609,4,0,8,4,1
45,4230,0,4,11541,190045,48,681,7,3,2,1,1
75,4306,1,6,83175,16749,36,762,9,1,5,7,1
72,4040,0,1,6976,124630,180,513,2,0,5,14,0
43,5152,0,7,26527,7567,36,445,0,1,2,3,0
54,3467,0,3,480,2861,120,556,5,0,4,12,1
43,4252,0,18,26562,8472,120,645,5,3,9,3,1
70,1067,3,0,217,1000,120,724,7,0,1,3,1
40,1221,2,5,20074,32780,120,501,7,2,3,1,0
26,2794,0,7,46728,2448,24,321,5,4,5,8,0
29,2709,1,0,40308,12365,360,558,8,0,4,11,0
70,3993,1,3,12772,6298,36,596,3,2,12,7,1
18,3061,0,10,53348,15434,360,480,6,4,6,1,0
75,3435,2,13,25822,4695,240,529,2,0,2,1,0
75,3033,2,3,13629,48157,36,724,5,0,1,5,1
18,3105,0,12,29262,6397,24,629,1,1,5,3,0
64,4426,0,27,527,121700,240,661,2,2,3,3,1
51,3141,0,15,4651,76860,360,577,10,2,8,24,1
49,3951,0,1,51430,1000,240,529,0,0,4,9,0
71,5345,0,10,14363,174004,48,576,4,1,3,3,0
65,3394,2,3,29693,1435,240,679,7,0,3,1,1
42,4123,0,35,19248,16265,36,441,10,5,7,1,1
57,5332,0,5,98775,2528,120,818,5,1,6,8,1
62,988,3,0,28883,5822,120,688,6,5,9,12,0
70,4504,1,10,92980,46779,180,555,5,1,4,8,0
18,3595,0,3,10890,82456,360,717,8,3,7,3,1
33,3160,0,35,6548,18768,48,766,6,2,7,1,1
56,4785,0,31,29549,84231,36,580,3,2,6,23,1
22,1801,1,8,127,5385,36,594,8,1,3,30,1
39,3857,0,1,968,77129,60,799,4,4,6,5,1
46,4300,0,9,33265,16667,12,850,1,1,4,1,1
72,1173,3,0,8275,2617,360,623,1,1,4,5,0
20,3569,0,0,178782,10539,36,481,4,2,2,15,0
29,2561,2,13,5542,7411,84,563,5,5,1,7,1
43,755,3,0,2163,7819,36,743,8,3,8,8,1
33,3057,0,3,3536,82011,60,496,7,1,6,1,1
68,2735,2,29,65521,3266,240,595,5,3,1,1,0
54,4327,0,3,62484,76479,24,655,8,3,6,1,1
39,600,3,0,9952,9178,24,509,5,8,8,16,0
74,4952,1,20,110795,146881,84,751,1,5,6,5,0
46,3210,1,0,22934,12938,84,703,1,3,2,10,1
31,2927,0,11,16859,25206,180,850,9,1,3,1,1
45,1034,2,35,3981,38733,24,713,0,4,3,18,0
22,2434,1,18,20788,37811,240,504,4,2,7,12,0
64,4297,0,8,24983,30460,24,683,10,12,6,1,1
66,2364,2,3,13632,4796,12,738,6,0,11,14,1
47,3286,0,2,87175,14406,360,744,4,0,1,2,1
63,4405,0,13,174951,55211,24,526,0,0,4,1,0
69,4149,0,16,63410,75664,120,512,10,3,1,2,1
22,3432,0,5,46577,6566,180,483,8,8,6,16,1
29,2575,0,2,28209,33938,60,812,7,0,7,17,1
33,724,3,0,1262,8333,84,694,5,3,8,2,1
43,4699,0,0,2748,48817,12,521,7,3,5,8,1
43,3064,1,10,34518,51691,84,635,5,3,1,7,1
65,4799,0,4,60114,125548,180,605,2,1,4,11,0
38,2358,2,18,1089,13244,36,503,8,5,6,2,1
56,871,3,0,22006,27572,12,624,5,0,2,4,0
53,4011,0,1,3679,10113,48,642,6,4,4,7,1
50,2175,2,7,7030,5950,12,850,5,0,1,1,1
47,3978,0,4,42616,17774,180,541,6,1,3,3,1
54,2416,2,6,4318,4428,60,414,5,5,7,8,1
40,4898,0,10,2680,18463,12,494,5,0,6,2,1
75,1154,3,0,4455,1869,180,512,5,0,1,22,0
27,1911,0,14,26643,47457,240,568,10,3,3,1,1
71,2951,1,2,15124,6358,360,494,7,2,5,22,1
22,1776,2,0,18044,35178,24,718,10,2,5,1,1
53,3735,0,10,31072,2640,240,486,5,0,3,1,1
51,3842,0,0,828,164124,180,622,4,0,6,2,1
69,5190,0,3,222658,92813,120,850,2,1,4,10,0
48,4153,0,0,1686,1000,36,686,9,0,1,9,1
27,2823,1,9,93114,58672,24,674,2,7,3,1,0
75,6074,0,1,46543,63125,120,842,10,0,3,1,1
36,2289,0,8,72540,49813,60,769,2,1,6,7,0
75,4947,0,35,5788,52657,84,687,7,0,6,4,1
49,2148,2,0,13901,31689,48,582,1,0,1,11,0
18,4013,0,0,7155,89184,24,617,4,3,6,1,1
73,2932,0,3,1472,21928,240,611,5,3,4,6,1
22,1132,0,16,10444,1000,36,571,3,0,5,9,1
62,4647,0,1,10390,126925,120,645,5,0,3,30,1
21,2413,2,3,20523,16660,180,662,5,0,4,7,1
33,3997,0,0,4573,39441,24,470,7,4,7,1,1
41,2963,0,11,11475,1000,84,815,0,2,5,1,1
33,2883,2,4,42112,28124,180,669,3,0,4,7,0
72,2323,2,11,12813,143978,120,588,9,2,3,5,1
19,3942,0,18,37395,18511,36,646,7,3,7,16,1
66,2257,2,2,22589,16355,12,731,9,6,1,9,1
45,725,3,0,12920,12132,84,443,7,8,2,4,0
49,4460,0,0,16823,108299,180,607,2,1,1,3,0
44,1570,2,18,17521,12213,84,477,7,0,5,3,0
37,3938,1,8,123247,21014,60,850,5,0,7,1,1
41,3335,0,16,41948,133401,180,636,10,4,4,1,1
29,3319,0,0,21446,54033,24,478,7,10,2,5,1
67,5548,0,1,53058,10123,12,850,6,1,9,1,1
52,2103,2,3,27171,2162,12,555,7,1,6,1,1
50,1010,3,0,9186,9610,48,594,6,1,5,1,0
50,4448,1,2,718,15921,84,603,6,1,4,1,1
68,4057,0,3,8437,17117,240,518,4,0,6,1,1
60,4558,1,1,72776,137913,12,649,6,2,5,7,0
54,2187,1,4,6683,2955,12,354,8,0,3,3,1
29,3531,0,12,44579,63890,60,750,8,0,4,5,1
20,1847,0,5,8252,8411,360,484,8,3,2,7,1
18,2249,2,0,15931,46262,60,570,9,0,2,25,1
50,4682,0,4,3164,86407,60,710,8,0,4,1,1
57,3723,2,0,7146,1000,360,595,7,1,7,3,1
27,4325,0,27,130835,44317,84,600,2,6,2,1,0
60,4180,0,1,88623,9030,180,498,2,4,7,4,0
61,3447,0,9,34955,99849,36,850,4,0,3,17,1
46,4291,0,28,25355,126824,240,683,5,2,1,9,1
30,664,3,0,7179,5181,12,490,9,0,6,7,0
29,4506,0,9,41697,38133,48,641,0,3,9,4,0
48,1292,2,14,10426,6723,240,481,2,3,2,7,0
63,6265,0,32,3668,113754,180,826,4,5,1,1,1
19,2056,2,7,19774,13151,360,643,2,1,6,6,0
68,3925,0,6,55200,17616,240,502,3,15,2,5,0
67,3242,2,7,159652,26425,12,703,4,11,6,2,0
52,3201,2,6,342,4422,240,586,2,6,7,1,1
40,3696,0,8,46480,73063,36,465,3,2,5,11,0
34,1901,0,4,15478,1000,360,665,9,1,7,1,1
43,2163,2,1,11820,32212,240,662,7,1,7,1,1
25,819,3,0,1073,2381,12,756,7,0,7,4,1
46,4233,0,0,21378,16122,12,627,5,0,5,2,1
43,2980,1,2,12517,43323,240,632,8,3,6,9,1
27,881,3,0,3050,62845,84,639,7,2,5,7,1
43,2705,2,6,34085,58576,48,811,7,7,5,10,1
51,975,3,0,11291,3593,120,582,3,0,12,2,0
68,2664,2,13,22741,7427,60,676,4,0,5,9,1
58,3821,0,0,102393,110686,360,694,8,4,1,13,1
24,1596,0,2,6596,13497,120,661,4,1,4,2,1
21,2698,0,10,7238,5726,180,578,1,0,4,2,0
75,4704,1,7,48176,134258,180,634,3,16,4,16,0
70,3757,1,0,7994,91610,12,608,9,4,7,1,1
67,4946,0,16,17964,294100,180,850,4,1,7,3,1
62,3328,2,16,8127,115260,84,565,6,5,4,1,1
28,2900,1,3,1995,79725,48,510,3,3,1,1,0
46,3509,1,3,59198,2728,180,619,7,4,5,1,1
73,3647,0,35,10284,5791,36,610,7,5,3,3,1
53,3797,0,7,23350,46016,48,643,1,0,5,8,1
42,5122,0,6,2177,55920,84,565,6,2,4,2,1
38,3615,0,14,41706,31880,120,633,0,0,8,13,0
74,6417,0,2,24722,46709,48,635,3,0,5,4,1
53,3460,0,4,45355,28112,48,728,5,7,3,24,1
27,3328,0,2,16987,40367,120,631,10,2,1,21,1
54,3782,0,12,7909,1000,84,632,6,3,4,10,1
26,3593,0,6,24829,15628,180,681,3,5,4,18,1
41,2742,2,8,3681,28839,12,724,4,8,4,8,1
52,4538,0,2,25301,83703,360,501,8,6,6,15,1
66,1127,3,0,4129,3105,120,469,3,1,1,1,0
52,837,3,0,19525,9541,120,823,8,1,3,2,1
65,4339,0,10,2618,78312,120,704,4,0,5,9,1
53,2591,0,5,29455,21942,120,593,2,1,3,3,0
35,3956,0,0,7664,1563,360,622,4,1,4,12,1
66,3900,1,16,14386,33499,360,572,0,2,4,14,0
56,3432,1,0,17693,17376,180,645,0,3,6,2,0
49,3763,0,24,86198,143827,240,503,5,11,4,12,0
41,3004,1,0,8012,5757,240,720,5,3,1,1,1
40,3401,0,9,3126,51762,24,641,6,3,3,2,1
49,3480,0,0,12819,2714,120,645,5,1,6,5,1
54,3587,1,19,3807,30521,120,512,10,0,6,1,1
29,3610,0,4,4770,41971,48,682,5,1,7,6,1
66,3240,1,1,26530,16504,240,515,1,4,7,6,0
72,4415,0,3,2663,38597,180,536,2,0,5,1,1
30,639,3,0,192,1643,12,630,5,3,5,11,1
40,3604,0,1,43359,18817,24,850,4,2,2,6,1
42,3564,0,23,15357,49807,24,640,2,0,1,2,1
52,3821,1,4,4913,19766,180,311,5,0,1,1,0
58,2860,0,12,8031,94723,12,542,5,2,3,14,1
47,600,3,0,5918,8553,48,702,9,1,1,12,1
34,2955,1,9,9143,24569,360,484,2,4,4,1,0
66,3358,1,1,21993,1911,60,719,4,3,3,1,1
37,2646,2,2,3296,26376,240,639,9,2,7,11,1
65,1142,3,0,9723,23799,120,738,6,5,2,6,1
42,805,3,0,2935,3577,180,552,2,2,5,1,0
39,2219,1,2,21006,52528,240,543,3,10,3,6,0
30,3438,1,2,54534,14361,120,687,2,0,2,4,0
36,3623,0,5,32897,90560,60,619,5,3,3,10,1
66,3286,0,33,11060,4217,60,611,8,1,1,1,1
53,2411,1,2,6836,69828,360,808,10,0,6,4,1
29,4478,0,4,17050,44591,84,692,1,0,8,1,1
58,5382,0,17,9293,27260,60,381,7,2,4,22,1
36,1341,0,0,2573,5948,240,715,5,0,5,10,1
29,2063,0,0,30973,16803,36,703,4,0,4,9,1
26,2533,2,7,11810,253813,36,762,4,13,2,8,1
24,626,3,0,3441,2243,120,507,0,4,6,3,0
45,4369,0,2,37812,6853,120,658,7,4,5,17,1
31,3223,0,5,27560,40821,84,633,1,4,1,1,0
48,2773,2,4,1856,26773,36,505,3,10,2,11,0
69,4648,0,5,79472,49713,120,733,6,2,1,1,1
36,1930,2,7,3616,30555,60,591,0,0,8,2,0
75,5749,0,5,70864,25730,120,758,1,5,4,5,1
64,4633,0,4,65886,161141,24,530,8,4,5,10,1
33,811,3,0,9770,6681,84,444,5,1,4,12,0
70,4812,0,7,39962,9577,180,590,3,1,7,6,0
22,2119,1,6,299,41375,12,647,5,1,7,3,1
52,3364,2,15,14431,49909,48,555,7,7,4,20,1
29,3502,0,0,31214,19133,12,300,8,1,9,1,0
42,2811,1,14,13226,39328,12,666,2,9,5,11,0
69,1191,3,0,22767,4258,360,665,2,7,1,6,0
38,2418,0,2,8573,20491,180,702,7,2,5,3,1
53,3716,2,4,12395,122898,120,574,7,2,6,1,1
70,3774,1,4,11204,7789,360,567,1,1,4,4,1
40,2112,1,1,8204,14868,12,792,2,0,3,2,1
33,4124,1,4,32270,102212,24,430,4,0,9,1,0
74,4434,0,0,52255,222817,48,590,5,4,2,1,0
56,912,3,0,9511,7945,12,637,5,1,1,2,0
62,1040,3,0,16461,10591,36,692,1,0,9,6,0
70,4728,1,2,98530,57804,180,640,5,0,1,12,0
59,2834,2,13,46067,109915,180,509,3,8,4,1,0
75,3596,1,6,660,101150,180,760,2,1,4,3,1
56,4359,0,16,55718,11741,84,620,5,7,8,3,1
31,2436,1,6,5465,20136,84,419,5,1,8,5,0
48,3414,1,0,4674,30658,60,645,7,2,1,11,1
75,5189,1,9,50684,116293,240,677,3,0,8,5,0
22,2241,2,0,8288,29803,48,850,6,2,8,13,1
52,4205,0,4,2374,64303,360,669,1,3,5,5,1
40,4220,0,21,5998,384048,120,442,4,0,7,6,0
46,4496,0,1,40,5044,12,446,6,2,7,4,1
60,3414,0,3,76539,12404,240,771,7,3,4,12,1
28,2669,1,10,638,20142,120,523,7,3,4,18,1
35,4643,1,17,10476,28574,360,434,7,4,6,7,1
64,4568,1,8,23606,1439,240,740,4,1,1,12,1
29,2781,0,2,11772,3855,120,562,6,2,4,1,1
26,2157,1,8,50262,35484,24,733,10,11,1,16,1
27,2597,0,2,1025,79081,84,510,4,6,8,1,0
75,5587,0,10,38503,58088,360,796,9,9,4,2,1
61,4755,1,24,52081,53050,48,724,7,1,5,1,1
34,2420,2,10,62350,10262,36,533,4,4,4,23,0
55,4272,0,15,39721,89844,24,420,4,2,4,13,0
24,2650,0,0,41426,53175,84,850,5,0,5,17,1
63,4704,0,10,3948,60125,180,594,7,5,3,13,1
30,2551,0,14,11942,8783,84,528,6,3,4,4,1
57,2154,1,0,9684,3165,240,786,4,0,4,18,1
59,5658,0,16,118089,5409,60,733,0,0,3,24,0
26,2251,0,2,3546,29114,24,761,7,5,5,4,1
67,4299,0,8,6798,107912,180,608,0,0,3,1,0
44,4295,0,12,16423,120866,240,845,1,0,9,7,1
75,6064,0,8,3260,54394,360,462,4,1,6,25,0
19,3059,0,0,5915,67560,48,553,2,0,1,14,0
22,1949,0,7,62837,82378,84,666,6,7,6,13,0
46,3562,0,6,19112,16506,360,760,4,1,3,19,1
54,2208,2,18,21190,16133,180,699,7,2,5,15,1
55,4107,0,4,51059,158533,240,610,0,7,3,10,0
36,935,3,0,4104,5558,60,562,3,2,1,8,0
25,928,0,11,1418,32766,84,760,5,1,4,2,1
65,2596,2,4,5766,148246,48,711,5,4,1,6,1
62,3321,1,8,11981,51846,60,515,7,1,6,5,1
18,1460,1,8,14167,35691,120,511,2,1,5,13,0
39,2534,2,17,12356,50519,240,554,4,3,3,4,0
69,3455,0,7,226,59822,360,539,6,4,9,1,1
34,2292,0,5,16306,12100,84,743,0,4,1,1,1
24,3738,0,1,91320,3164,84,672,6,11,3,7,1
42,4110,1,0,65959,24866,180,686,7,4,2,5,1
62,4328,0,1,72468,68519,48,643,1,4,10,2,0
21,1893,0,1,28804,2948,36,648,4,5,8,1,0
53,2896,1,8,10874,1000,120,430,9,0,1,4,1
23,3195,1,10,44443,6922,60,715,7,1,2,1,1
48,2491,2,6,3694,45119,24,552,6,4,3,2,1
36,2809,1,14,28911,145792,24,616,8,2,3,3,0
61,962,3,0,9475,56496,84,563,10,0,2,4,1
71,4684,0,13,1164,45945,180,637,5,1,3,4,1
56,5474,0,9,81507,160429,12,688,4,1,7,2,0
44,3114,0,6,69821,59860,84,498,8,2,9,13,0
27,2406,0,4,7187,24087,24,650,4,5,1,3,1
43,1591,2,0,25558,19483,24,566,2,8,2,1,0
36,3002,0,4,2478,6380,120,778,3,4,5,1,1
56,2036,2,19,17907,81363,360,486,6,5,1,2,0
20,3063,0,13,19549,19131,12,499,4,1,5,1,1
62,3674,1,1,27845,31259,84,576,4,1,6,1,1
30,1944,1,5,48642,31176,120,508,2,1,6,6,0
67,5066,0,13,99717,29641,180,593,9,2,6,6,1
45,5054,0,0,74597,21351,120,556,4,0,3,5,0
75,5160,0,3,15841,74087,84,630,3,2,4,10,1
37,1355,0,15,31588,1000,240,740,3,3,2,1,0
45,5449,0,4,5366,100087,36,628,7,1,6,19,1
25,3687,0,0,67943,38311,84,639,7,9,9,1,1
58,5891,0,6,22493,78958,48,493,4,2,6,7,1
56,4243,1,15,2251,61059,24,603,5,0,3,1,1
18,3243,1,7,34455,34966,12,569,6,1,7,14,1
20,2543,1,2,6421,31988,12,701,3,3,10,5,1
30,3019,0,3,8090,50053,360,528,1,1,5,1,0
45,3411,1,4,11963,68709,36,516,6,0,6,6,0
74,4228,0,6,2670,79144,48,658,3,2,6,1,1
66,4900,0,11,9170,143750,24,850,6,8,1,10,1
42,915,2,0,45,2767,12,598,6,1,3,7,1
73,4824,0,17,27301,35617,48,640,5,7,3,1,1
50,4241,1,0,3583,180316,120,733,4,5,7,3,1
55,3516,1,3,38740,25576,360,681,3,0,6,1,1
70,6131,0,0,15814,11775,84,681,2,3,4,8,0
23,2766,0,3,76337,29688,84,608,3,1,3,2,0
75,5702,0,5,112209,9521,240,610,7,0,1,5,1
61,2261,2,5,7416,7381,24,529,9,3,4,21,1
62,5200,0,1,76320,478350,48,678,9,4,2,2,1
49,4119,0,8,64287,46234,60,675,5,0,2,30,1
62,4207,0,0,174058,20243,12,706,9,7,7,7,1
64,1918,1,11,16772,145119,180,561,4,4,7,1,0
38,3314,0,23,2720,162156,180,719,1,8,3,4,0
33,3527,0,3,35241,29515,84,756,10,1,1,9,1
71,4510,1,5,42463,19590,60,474,6,8,2,4,0
38,1008,3,0,9842,26455,180,584,1,1,7,1,0
28,4877,0,0,17179,88308,36,761,9,0,6,1,1
54,5150,0,3,97091,86126,36,542,3,4,3,10,0
53,3595,0,12,110637,115752,24,683,4,3,5,7,0
52,3146,1,7,7415,52972,60,621,8,2,1,5,1
36,4076,0,0,3610,19591,36,659,9,2,1,1,1
37,3928,0,15,8157,66955,36,624,2,0,9,12,0
74,3869,2,6,63805,20336,84,709,9,2,6,22,1
35,4585,1,14,49694,94014,180,497,7,1,5,1,0
64,6368,0,6,61788,88665,24,510,3,2,4,1,0
58,3439,2,6,16963,3990,48,795,4,1,1,15,1
66,4149,1,0,34347,42966,120,850,9,10,7,11,1
31,4409,0,1,15575,26699,12,619,1,2,2,6,0
32,4707,0,28,29306,27000,12,825,9,4,6,20,1
48,784,3,0,11856,10408,360,527,7,8,5,7,0
18,2360,0,30,90082,13222,120,556,6,2,4,1,0
70,4035,0,6,104411,87162,120,794,5,0,1,9,1
71,3979,0,1,103749,4206,12,716,10,0,1,7,1
71,2962,1,0,14631,46062,12,812,10,3,5,29,1
20,3089,0,1,18759,73683,48,676,3,0,5,1,1
33,2508,0,20,29444,40350,60,498,7,2,5,6,1
40,2941,0,4,72094,29121,60,646,10,0,5,10,1
74,5413,0,4,7958,233989,48,764,3,0,1,2,1
28,2767,1,3,9635,14208,180,604,6,2,7,3,1
29,2970,1,1,4275,1000,120,585,8,11,4,15,1
27,4278,0,5,38882,34843,240,678,0,2,7,3,0
49,4650,0,1,16325,2247,120,552,7,8,1,6,1
33,3853,1,14,14598,170762,360,655,2,9,6,15,0
25,3127,0,3,2208,10609,12,627,6,0,6,1,1
55,5493,0,3,22699,123042,120,561,8,1,1,28,1
29,730,3,0,13904,15660,12,737,0,4,3,8,0
41,3148,1,4,8019,11131,120,697,7,6,2,4,1
45,5007,0,35,57106,69996,360,577,10,2,7,3,1
70,3947,0,6,37635,2800,180,618,4,14,5,21,1
25,4759,0,0,90976,45286,240,587,7,0,8,1,1
75,4623,0,7,6297,1000,36,543,9,1,5,2,1
45,2756,0,1,100492,100808,48,416,1,2,6,2,0
53,4616,0,0,38720,248153,48,561,7,1,7,2,0
43,3391,0,28,175722,12275,240,545,8,0,6,4,0
25,992,3,0,23092,3333,120,633,7,1,4,30,0
75,3746,1,31,9005,75588,36,672,5,0,3,15,1
67,4836,0,5,2683,20348,360,523,2,3,4,2,0
45,2582,0,6,7317,83825,60,664,9,6,6,3,1
45,3719,1,1,26771,45689,120,505,5,6,3,7,1
54,3450,0,2,6234,21460,180,604,2,3,6,1,1
58,4830,0,14,8498,124354,12,547,4,1,5,12,1
53,772,3,0,4602,7559,24,709,6,2,1,14,1
44,2024,0,14,657,70714,120,634,1,0,6,13,1
71,4021,1,9,5017,152357,24,606,5,1,5,3,1
34,720,3,0,3716,1874,120,544,4,0,3,4,0
26,3836,0,5,2401,1000,240,580,9,5,5,1,1
50,5267,0,9,25556,313304,24,839,0,7,3,3,0
70,6286,0,2,38769,214159,120,559,8,2,5,4,1
37,2636,2,14,15186,2165,48,677,9,3,4,16,1
30,2171,2,6,42389,55958,24,606,0,0,1,15,0
45,1613,2,1,11693,14218,120,674,0,2,4,23,0
65,4669,0,6,28286,20150,60,720,10,3,3,15,1
46,2497,2,35,12676,75864,12,577,2,1,6,1,0
30,640,3,0,10455,2018,60,705,10,0,7,7,1
63,4133,1,13,89444,175161,36,850,0,6,3,1,0
52,1036,3,0,19085,3434,120,688,5,4,3,2,0
23,1437,2,12,15443,19680,84,813,5,6,1,6,1
35,2266,1,10,3214,8236,180,677,4,5,2,8,1
68,3742,1,2,11645,42511,60,508,6,13,4,7,0
22,2435,0,3,1102,40391,24,653,6,0,1,1,1
64,3085,0,12,79107,9373,240,580,5,0,7,1,0
42,2362,1,4,24515,25027,180,548,2,1,5,1,0
19,1808,0,10,23810,16483,84,611,8,0,4,1,1
27,2591,2,1,9286,2749,360,601,7,2,4,1,1
73,1295,3,0,23229,31803,120,492,5,3,5,8,0
47,1832,2,9,5286,10789,240,850,7,2,6,12,1
67,5030,0,18,79,61906,120,716,7,0,7,3,1
62,5125,0,1,23235,53369,36,649,3,7,4,8,1
22,1698,0,7,13786,17605,84,630,7,0,4,1,1
72,4072,1,7,25465,6650,120,764,3,1,5,25,1
73,4322,2,3,82196,34276,24,850,7,3,4,3,1
50,943,3,0,1008,8176,36,702,4,4,7,13,1
71,4509,0,0,34933,85896,48,634,7,1,8,20,1
18,600,3,0,4144,15834,360,796,4,0,5,14,1
35,1075,2,6,3410,12189,84,637,7,2,2,1,1
49,4319,0,0,71616,5646,12,672,2,0,6,7,1
64,3812,2,9,51151,14837,240,740,5,0,5,1,1
66,3852,0,5,48811,9997,60,573,8,3,2,1,1
28,1542,0,0,30924,2955,120,370,6,1,5,1,0
38,2475,1,27,30483,16235,240,567,6,1,3,17,0
43,4448,0,23,11262,16690,240,712,10,2,6,16,1
42,2760,1,5,32396,9788,12,704,8,11,6,1,1
39,2395,1,0,8455,1939,12,781,7,10,5,5,1
44,3133,1,11,8340,1000,36,572,7,1,5,21,1
66,4728,0,5,3440,7383,84,809,7,0,1,4,1
30,2073,0,2,27118,5641,24,642,10,1,1,3,1
50,3147,1,5,37502,25551,360,692,4,0,4,4,1
51,3578,0,5,9178,36808,12,728,8,2,8,10,1
58,3709,0,6,49272,8092,12,454,6,2,6,4,0
52,3177,0,4,76220,25299,60,499,4,2,9,10,0
18,2998,1,7,3290,18052,48,495,5,1,5,3,1
38,2986,0,20,7590,8712,12,748,6,0,4,2,1
65,2353,1,3,31338,1000,48,583,3,1,8,2,0
72,3108,2,10,9574,28162,36,850,7,1,4,1,1
23,3597,0,17,33838,59942,24,620,5,2,2,4,1
45,3111,0,4,2528,11492,240,443,5,3,5,1,1
34,607,3,0,3507,1235,12,539,9,3,7,11,1
22,1504,2,7,19399,47229,120,634,5,1,2,3,1
48,749,3,0,8340,3468,48,681,9,2,6,10,1
22,2426,2,13,39307,8842,60,501,4,1,4,21,0
55,4044,0,5,81498,113298,360,688,2,0,6,13,0
20,3585,0,35,51060,87701,60,720,4,2,5,21,1
70,3866,0,0,41325,33114,12,543,0,0,3,5,0
40,3277,0,0,1014,31703,84,850,8,3,4,1,1
54,4905,0,8,36052,17345,240,556,2,4,4,19,0
70,4003,0,2,1476,4700,24,500,3,7,5,14,0
54,4954,0,2,78500,60778,120,436,7,9,2,13,0
27,2170,1,2,8056,3234,84,766,5,0,3,8,1
27,2384,1,2,18916,20478,60,622,4,13,3,6,0
36,4858,0,0,15284,197394,48,562,0,3,5,1,0
34,1886,2,28,27621,82944,48,443,9,3,1,9,0
38,3650,0,1,76246,14378,84,573,7,0,4,1,1
31,2371,2,10,11575,33407,48,850,10,5,3,2,1
26,3286,0,11,62687,30406,60,362,3,0,3,5,0
63,967,3,0,2884,29032,84,544,1,5,3,4,0
18,2300,1,0,16890,10488,60,835,8,0,5,1,1
68,3514,0,16,66028,1000,120,769,4,3,4,12,1
62,4684,0,5,17732,11966,240,551,7,1,6,14,1
30,2624,0,8,77587,16249,360,644,10,0,6,8,1
21,3567,0,8,4450,19487,120,675,6,0,1,5,1
18,3960,0,13,701,89365,120,636,5,1,2,22,1
66,2516,1,3,56635,41345,48,834,6,0,4,1,1
57,5365,0,10,3662,27506,12,660,0,1,4,9,1
49,2982,1,6,137827,26280,180,756,8,2,2,1,1
51,809,3,0,23486,1170,48,641,8,5,8,3,0
45,3013,0,35,4262,99105,12,376,6,3,7,6,0
48,3371,1,1,24960,133002,60,476,1,0,1,9,0
25,3116,0,35,6116,175095,180,501,5,1,5,1,0
56,4233,1,0,22711,123687,48,590,9,1,4,2,1
43,3085,0,0,1877,8490,180,850,3,7,8,5,1
75,1303,3,0,3171,1000,180,663,8,6,1,5,1
51,2846,2,3,12333,35512,36,607,5,1,10,7,1
71,4792,0,8,26562,168186,240,768,7,0,2,2,1
71,4564,0,0,166235,12830,36,445,4,6,5,5,0
20,1639,2,0,25954,1000,12,561,5,6,3,1,0
67,2730,2,22,35044,64365,24,543,6,5,4,1,0
29,3345,0,13,24730,3848,84,667,2,5,1,6,1
18,2632,0,13,46303,20236,360,727,6,1,7,8,1
71,2611,2,17,10389,42710,24,676,0,0,4,1,0
61,4502,0,9,53336,17518,84,678,3,1,4,1,1
22,600,3,0,29264,1000,12,576,7,2,10,5,0
47,4122,0,4,14949,87240,12,658,8,2,7,2,1
47,3664,0,10,39427,52483,60,519,6,2,3,3,1
74,3380,2,2,60350,217300,360,700,1,0,3,3,0
34,4214,0,9,100110,25611,240,559,8,1,5,1,0
65,5330,0,0,64758,4893,180,485,2,1,6,1,0
64,4731,0,2,15148,90306,36,624,7,0,9,13,1
40,3965,0,6,15033,42113,36,390,2,1,1,8,0
32,2534,1,7,510,8749,12,796,3,4,6,8,1
54,4673,0,6,64187,102418,36,715,2,5,7,5,0
38,3493,1,9,1464,11460,12,660,5,1,3,8,1
31,1224,2,0,23499,5322,180,425,4,2,4,19,0
19,2634,1,0,3193,3682,12,535,6,0,1,7,1
28,4317,0,16,7815,31696,60,624,5,3,3,2,1
68,4308,0,9,26768,33677,240,588,1,1,5,5,0
56,769,3,0,9884,8002,120,417,6,1,8,4,0
55,2367,2,14,3400,42071,48,462,0,6,9,5,0
51,2276,1,2,12671,77528,240,586,3,1,2,5,0
55,4245,0,5,26872,9058,240,466,4,0,8,13,0
67,4597,0,1,10530,3699,24,784,4,0,1,7,1
51,3467,1,9,4087,1000,360,679,0,1,3,1,0
35,2355,2,8,40930,5257,360,523,9,1,4,1,1
47,2651,1,1,17766,40953,84,760,10,5,5,3,1
